Date,Oil_Price
2-Jan-15,55.38
5-Jan-15,51.08
6-Jan-15,50.12
7-Jan-15,49.06
8-Jan-15,49.43
9-Jan-15,47.64
12-Jan-15,46.9
13-Jan-15,45.13
14-Jan-15,45.82
15-Jan-15,47.66
16-Jan-15,47.38
20-Jan-15,46.49
21-Jan-15,46.5
22-Jan-15,46.09
23-Jan-15,46.69
26-Jan-15,46.07
27-Jan-15,46.55
28-Jan-15,47.07
29-Jan-15,46.61
30-Jan-15,47.52
2-Feb-15,51.74
3-Feb-15,54.41
4-Feb-15,55.07
5-Feb-15,55.98
6-Feb-15,55.88
9-Feb-15,57
10-Feb-15,55.79
11-Feb-15,53.48
12-Feb-15,56.23
13-Feb-15,60.33
16-Feb-15,61.57
17-Feb-15,60.78
18-Feb-15,60.72
19-Feb-15,58.78
20-Feb-15,60.99
23-Feb-15,59.78
24-Feb-15,60.33
25-Feb-15,59.77
26-Feb-15,61.39
27-Feb-15,61.89
2-Mar-15,60.75
3-Mar-15,61.18
4-Mar-15,59.18
5-Mar-15,60.33
6-Mar-15,59.15
9-Mar-15,58.67
10-Mar-15,55.95
11-Mar-15,56.46
12-Mar-15,56.66
13-Mar-15,54.8
16-Mar-15,52
17-Mar-15,52.17
18-Mar-15,52.59
19-Mar-15,52.96
20-Mar-15,53.88
23-Mar-15,53.82
24-Mar-15,53.61
25-Mar-15,54.18
26-Mar-15,57.02
27-Mar-15,56.44
30-Mar-15,53.99
31-Mar-15,53.69
1-Apr-15,55.73
2-Apr-15,55.73
6-Apr-15,55.73
7-Apr-15,57.55
8-Apr-15,56.42
9-Apr-15,56.04
10-Apr-15,56.82
13-Apr-15,57.14
14-Apr-15,57.69
15-Apr-15,59.32
16-Apr-15,60.13
17-Apr-15,61.31
20-Apr-15,61.2
21-Apr-15,60.12
22-Apr-15,60.12
23-Apr-15,62.66
24-Apr-15,62.96
27-Apr-15,62.86
28-Apr-15,62.61
29-Apr-15,63.97
30-Apr-15,63.9
1-May-15,64.13
4-May-15,64.62
5-May-15,65.44
6-May-15,66.22
7-May-15,64.93
8-May-15,63.82
11-May-15,62.82
12-May-15,65.09
13-May-15,66.33
14-May-15,65.58
15-May-15,64.69
18-May-15,65.15
19-May-15,63.48
20-May-15,63.52
21-May-15,64.7
22-May-15,64.7
26-May-15,61.65
27-May-15,61.35
28-May-15,60.12
29-May-15,63.16
1-Jun-15,62.87
2-Jun-15,63.14
3-Jun-15,62.78
4-Jun-15,60.34
5-Jun-15,60.36
8-Jun-15,61.33
9-Jun-15,63.23
10-Jun-15,64.68
11-Jun-15,63.76
12-Jun-15,63.19
15-Jun-15,60.99
16-Jun-15,60.75
17-Jun-15,60.75
18-Jun-15,61.37
19-Jun-15,59.41
22-Jun-15,60.54
23-Jun-15,61.67
24-Jun-15,61.63
25-Jun-15,60.24
26-Jun-15,60.14
29-Jun-15,59.03
30-Jun-15,60.31
1-Jul-15,61.65
2-Jul-15,61.73
3-Jul-15,59.06
6-Jul-15,57.19
7-Jul-15,54.72
8-Jul-15,55.7
9-Jul-15,57.83
10-Jul-15,57.72
13-Jul-15,57.63
14-Jul-15,57.2
15-Jul-15,57.34
16-Jul-15,57.31
17-Jul-15,56.38
20-Jul-15,56.42
21-Jul-15,55.94
22-Jul-15,56.36
23-Jul-15,55.76
24-Jul-15,54.29
27-Jul-15,54.07
28-Jul-15,54.3
29-Jul-15,54.73
30-Jul-15,54.29
31-Jul-15,53.29
3-Aug-15,49.49
4-Aug-15,49.08
5-Aug-15,49.04
6-Aug-15,47.8
7-Aug-15,47.54
10-Aug-15,48.3
11-Aug-15,47.33
12-Aug-15,48.29
13-Aug-15,48.01
14-Aug-15,47.79
17-Aug-15,47.77
18-Aug-15,47
19-Aug-15,45.75
20-Aug-15,45.63
21-Aug-15,43.84
24-Aug-15,41.59
25-Aug-15,41.86
26-Aug-15,41.76
27-Aug-15,44.46
28-Aug-15,47.97
1-Sep-15,48.8
2-Sep-15,47.67
3-Sep-15,50.41
4-Sep-15,48.59
7-Sep-15,46.42
8-Sep-15,48.88
9-Sep-15,48.04
10-Sep-15,47.77
11-Sep-15,46.87
14-Sep-15,45.87
15-Sep-15,45.91
16-Sep-15,49.35
17-Sep-15,48.27
18-Sep-15,47.28
21-Sep-15,47.64
22-Sep-15,46.69
23-Sep-15,48
24-Sep-15,47.06
25-Sep-15,47.28
28-Sep-15,46.04
29-Sep-15,47.58
30-Sep-15,47.29
1-Oct-15,47.48
2-Oct-15,46.55
5-Oct-15,49.45
6-Oct-15,51.34
7-Oct-15,51.66
8-Oct-15,52.13
9-Oct-15,52.08
12-Oct-15,50.95
13-Oct-15,48.94
14-Oct-15,48.25
15-Oct-15,47.87
16-Oct-15,48.96
19-Oct-15,47.51
20-Oct-15,46.93
21-Oct-15,46.72
22-Oct-15,46.59
23-Oct-15,46.3
26-Oct-15,46.57
27-Oct-15,45.54
28-Oct-15,47.6
29-Oct-15,48.04
30-Oct-15,48
2-Nov-15,47.91
3-Nov-15,48
4-Nov-15,46.96
5-Nov-15,47.19
6-Nov-15,46.09
9-Nov-15,45.38
10-Nov-15,46.44
11-Nov-15,44.98
12-Nov-15,44.98
13-Nov-15,41.98
16-Nov-15,40.28
17-Nov-15,41.28
18-Nov-15,41.45
19-Nov-15,42.22
20-Nov-15,42.49
23-Nov-15,43.7
24-Nov-15,44.38
25-Nov-15,43.56
26-Nov-15,43.55
27-Nov-15,43.07
30-Nov-15,43.73
1-Dec-15,42.97
2-Dec-15,41.92
3-Dec-15,42
4-Dec-15,41.44
7-Dec-15,39.69
8-Dec-15,39.44
9-Dec-15,39.04
10-Dec-15,38.65
11-Dec-15,36.99
14-Dec-15,36.51
15-Dec-15,37.66
16-Dec-15,36.96
17-Dec-15,36.29
18-Dec-15,36.76
21-Dec-15,35.34
22-Dec-15,35.26
23-Dec-15,35.79
24-Dec-15,37.22
28-Dec-15,37.08
29-Dec-15,36.85
30-Dec-15,35.65
31-Dec-15,36.61
4-Jan-16,36.28
5-Jan-16,35.56
6-Jan-16,33.89
7-Jan-16,33.57
8-Jan-16,31.67
11-Jan-16,30.14
12-Jan-16,29.14
13-Jan-16,28.58
14-Jan-16,28.84
15-Jan-16,28.8
18-Jan-16,27.36
19-Jan-16,27.36
20-Jan-16,26.01
21-Jan-16,27.59
22-Jan-16,30.46
25-Jan-16,29.82
26-Jan-16,30.94
27-Jan-16,31.83
28-Jan-16,33.01
29-Jan-16,33.14
1-Feb-16,32.45
2-Feb-16,30.98
3-Feb-16,32.38
4-Feb-16,32.76
5-Feb-16,32.35
8-Feb-16,31.64
9-Feb-16,30.15
10-Feb-16,29.64
11-Feb-16,28.82
12-Feb-16,31.8
16-Feb-16,31.09
17-Feb-16,33.21
18-Feb-16,33.2
19-Feb-16,31.66
22-Feb-16,33.59
23-Feb-16,31.9
24-Feb-16,31.5
25-Feb-16,32.83
26-Feb-16,35.76
29-Feb-16,35.92
1-Mar-16,35.73
2-Mar-16,36.38
3-Mar-16,35.75
4-Mar-16,37.61
7-Mar-16,39.02
8-Mar-16,39.16
9-Mar-16,40.26
10-Mar-16,38.63
11-Mar-16,39.41
14-Mar-16,38.06
15-Mar-16,37.49
16-Mar-16,38.38
17-Mar-16,39.29
18-Mar-16,39.26
21-Mar-16,39.91
22-Mar-16,40.54
23-Mar-16,38.84
24-Mar-16,38.33
28-Mar-16,38.33
29-Mar-16,36.75
30-Mar-16,36.75
31-Mar-16,36.75
1-Apr-16,36.42
4-Apr-16,36.05
5-Apr-16,35.88
6-Apr-16,37.77
7-Apr-16,37.15
8-Apr-16,40.71
11-Apr-16,41.58
12-Apr-16,43.02
13-Apr-16,42.81
14-Apr-16,43.02
15-Apr-16,41.32
18-Apr-16,41.64
19-Apr-16,43.02
20-Apr-16,43.09
21-Apr-16,43.48
22-Apr-16,43.97
25-Apr-16,42.97
26-Apr-16,43.94
27-Apr-16,44.17
28-Apr-16,45.6
29-Apr-16,45.64
2-May-16,45.82
3-May-16,43.09
4-May-16,43.08
5-May-16,44.39
6-May-16,44.6
9-May-16,42.43
10-May-16,44.01
11-May-16,46.08
12-May-16,46.43
13-May-16,47.05
16-May-16,48.49
17-May-16,48.71
18-May-16,48.93
19-May-16,47.01
20-May-16,48.54
23-May-16,47.77
24-May-16,48.42
25-May-16,48.87
26-May-16,49.52
27-May-16,49.09
31-May-16,49.26
1-Jun-16,48.81
2-Jun-16,49.05
3-Jun-16,48.5
6-Jun-16,48.94
7-Jun-16,49.76
8-Jun-16,50.73
9-Jun-16,50.59
10-Jun-16,49.7
13-Jun-16,49.36
14-Jun-16,47.88
15-Jun-16,47.47
16-Jun-16,45.66
17-Jun-16,46.57
20-Jun-16,48.68
21-Jun-16,48.18
22-Jun-16,48.43
23-Jun-16,48.63
24-Jun-16,46.69
27-Jun-16,45.07
28-Jun-16,46.29
29-Jun-16,48.4
30-Jun-16,48.05
1-Jul-16,47.65
4-Jul-16,48.02
5-Jul-16,45.64
6-Jul-16,45.7
7-Jul-16,45.93
8-Jul-16,44.53
11-Jul-16,44.04
12-Jul-16,46.72
13-Jul-16,44.67
14-Jul-16,46.01
15-Jul-16,46.25
18-Jul-16,45.35
19-Jul-16,45.7
20-Jul-16,45.82
21-Jul-16,44.99
22-Jul-16,44.24
25-Jul-16,43.76
26-Jul-16,43.56
27-Jul-16,42.78
28-Jul-16,41.87
29-Jul-16,40.76
1-Aug-16,40.17
2-Aug-16,40
3-Aug-16,40.45
4-Aug-16,41.33
5-Aug-16,42.47
8-Aug-16,43.24
9-Aug-16,43.37
10-Aug-16,42.19
11-Aug-16,44.23
12-Aug-16,45.12
15-Aug-16,47.31
16-Aug-16,48.27
17-Aug-16,48.58
18-Aug-16,49.46
19-Aug-16,49.39
22-Aug-16,48.1
23-Aug-16,48.7
24-Aug-16,47.56
25-Aug-16,49.25
26-Aug-16,49.66
29-Aug-16,49.66
30-Aug-16,47.94
31-Aug-16,47.94
1-Sep-16,45.05
2-Sep-16,45.96
5-Sep-16,46.72
6-Sep-16,46.21
7-Sep-16,47
8-Sep-16,49.23
9-Sep-16,48.37
12-Sep-16,47.82
13-Sep-16,46.48
14-Sep-16,45.65
15-Sep-16,45.83
16-Sep-16,45.26
19-Sep-16,46.04
20-Sep-16,45.24
21-Sep-16,45.99
22-Sep-16,47.21
23-Sep-16,46.71
26-Sep-16,46.61
27-Sep-16,44.95
28-Sep-16,45.49
29-Sep-16,48.43
30-Sep-16,48.24
3-Oct-16,48.61
4-Oct-16,48.81
5-Oct-16,49.57
6-Oct-16,50.14
7-Oct-16,50.49
10-Oct-16,51.54
11-Oct-16,50.48
12-Oct-16,49.53
13-Oct-16,49.29
14-Oct-16,48.87
17-Oct-16,49.31
18-Oct-16,49.81
19-Oct-16,51.85
20-Oct-16,50.42
21-Oct-16,50.28
24-Oct-16,49.8
25-Oct-16,49.08
26-Oct-16,48.98
27-Oct-16,49.13
28-Oct-16,47.78
31-Oct-16,46.2
1-Nov-16,45.77
2-Nov-16,44.26
3-Nov-16,43.84
4-Nov-16,43.06
7-Nov-16,42.83
8-Nov-16,43.47
9-Nov-16,43.88
10-Nov-16,43.67
11-Nov-16,41.61
14-Nov-16,41.83
15-Nov-16,44.15
16-Nov-16,45.07
17-Nov-16,44.57
18-Nov-16,44.41
21-Nov-16,45.96
22-Nov-16,46.1
23-Nov-16,46.54
24-Nov-16,47.54
25-Nov-16,46.32
28-Nov-16,46.64
29-Nov-16,44.68
30-Nov-16,47.95
1-Dec-16,52.28
2-Dec-16,52.35
5-Dec-16,53.3
6-Dec-16,52.31
7-Dec-16,51.9
8-Dec-16,51.6
9-Dec-16,52.19
12-Dec-16,53.99
13-Dec-16,53.28
14-Dec-16,53.15
15-Dec-16,51.72
16-Dec-16,54.15
19-Dec-16,53.53
20-Dec-16,54.56
21-Dec-16,53.01
22-Dec-16,54.04
23-Dec-16,53.93
28-Dec-16,54.95
29-Dec-16,54.97
30-Dec-16,54.96
3-Jan-17,55.05
4-Jan-17,54.57
5-Jan-17,54.99
6-Jan-17,55.9
9-Jan-17,54.39
10-Jan-17,53.2
11-Jan-17,53.61
12-Jan-17,54.51
13-Jan-17,54.37
16-Jan-17,54.3
17-Jan-17,54.68
18-Jan-17,53.77
19-Jan-17,53.18
20-Jan-17,55.04
23-Jan-17,54.8
24-Jan-17,54.7
25-Jan-17,54.34
26-Jan-17,55.89
27-Jan-17,54.8
30-Jan-17,54.77
31-Jan-17,55.25
1-Feb-17,55.79
2-Feb-17,55.94
3-Feb-17,55.92
6-Feb-17,55.02
7-Feb-17,53.79
8-Feb-17,54.42
9-Feb-17,53.98
10-Feb-17,55.2
13-Feb-17,54.15
14-Feb-17,54.96
15-Feb-17,54.57
16-Feb-17,54.16
17-Feb-17,54.48
20-Feb-17,55.25
21-Feb-17,56.34
22-Feb-17,54.9
23-Feb-17,55.82
24-Feb-17,54.69
27-Feb-17,54.65
28-Feb-17,53.36
1-Mar-17,55.72
2-Mar-17,54.16
3-Mar-17,54.12
6-Mar-17,54.73
7-Mar-17,54.61
8-Mar-17,53.3
9-Mar-17,50.65
10-Mar-17,50.63
13-Mar-17,50.1
14-Mar-17,49.6
15-Mar-17,50.63
16-Mar-17,50.56
17-Mar-17,50.58
20-Mar-17,50.67
21-Mar-17,50.14
22-Mar-17,49.56
23-Mar-17,50.17
24-Mar-17,49.97
27-Mar-17,50.12
28-Mar-17,50.72
29-Mar-17,51.36
30-Mar-17,52.25
31-Mar-17,52.2
3-Apr-17,52.04
4-Apr-17,53.08
5-Apr-17,53.41
6-Apr-17,53.62
7-Apr-17,54.24
10-Apr-17,54.79
11-Apr-17,54.73
12-Apr-17,54.75
13-Apr-17,55.05
17-Apr-17,54.79
18-Apr-17,52.6
19-Apr-17,52.43
20-Apr-17,50.66
21-Apr-17,49.93
24-Apr-17,49.45
25-Apr-17,49.37
26-Apr-17,49.99
27-Apr-17,49.46
28-Apr-17,49.46
1-May-17,50.41
2-May-17,49.31
3-May-17,48.82
4-May-17,47.53
5-May-17,47.45
8-May-17,46.61
9-May-17,47.06
10-May-17,48.09
11-May-17,49.18
12-May-17,49.08
15-May-17,51.29
16-May-17,51.21
17-May-17,51.76
18-May-17,51.71
19-May-17,52.78
22-May-17,53.35
23-May-17,53.19
24-May-17,53.29
25-May-17,52.25
26-May-17,50.84
29-May-17,52.25
30-May-17,50.65
31-May-17,49.4
1-Jun-17,50.41
2-Jun-17,48.46
5-Jun-17,48.25
6-Jun-17,48.11
7-Jun-17,47.08
8-Jun-17,46.3
9-Jun-17,46.64
12-Jun-17,47.18
13-Jun-17,46.95
14-Jun-17,45.47
15-Jun-17,45.61
16-Jun-17,45.7
19-Jun-17,45.93
20-Jun-17,43.98
21-Jun-17,44.62
22-Jun-17,44.46
23-Jun-17,44.14
26-Jun-17,44.09
27-Jun-17,46.17
28-Jun-17,46.45
29-Jun-17,47.02
30-Jun-17,47.08
3-Jul-17,49.13
4-Jul-17,49.15
5-Jul-17,47.58
6-Jul-17,48.53
7-Jul-17,46.47
10-Jul-17,46.57
11-Jul-17,46.68
12-Jul-17,46.73
13-Jul-17,47.65
14-Jul-17,47.89
17-Jul-17,47.66
18-Jul-17,47.92
19-Jul-17,48.34
20-Jul-17,48.54
21-Jul-17,47.47
24-Jul-17,47.81
25-Jul-17,49.19
26-Jul-17,50.08
27-Jul-17,50.67
28-Jul-17,52
31-Jul-17,51.99
1-Aug-17,50.77
2-Aug-17,52.09
3-Aug-17,52.88
4-Aug-17,52.48
7-Aug-17,51.42
8-Aug-17,52.18
9-Aug-17,52.16
10-Aug-17,52.59
11-Aug-17,51.47
14-Aug-17,51.29
15-Aug-17,49.9
16-Aug-17,50.39
17-Aug-17,50.37
18-Aug-17,50.96
21-Aug-17,51.94
22-Aug-17,52.29
23-Aug-17,52.31
24-Aug-17,51.73
25-Aug-17,51.87
28-Aug-17,51.87
29-Aug-17,51.64
30-Aug-17,51.91
31-Aug-17,52.69
1-Sep-17,53.15
4-Sep-17,52.6
5-Sep-17,53.63
6-Sep-17,54.48
7-Sep-17,54.16
8-Sep-17,54.55
11-Sep-17,54.2
12-Sep-17,55.06
13-Sep-17,55.52
14-Sep-17,56.76
15-Sep-17,56.18
18-Sep-17,55.5
19-Sep-17,56.58
20-Sep-17,57.2
21-Sep-17,57.73
22-Sep-17,58.16
25-Sep-17,59.42
26-Sep-17,59.77
27-Sep-17,58.74
28-Sep-17,58.8
29-Sep-17,57.02
2-Oct-17,55.67
3-Oct-17,56.12
4-Oct-17,56
5-Oct-17,57.09
6-Oct-17,55.5
9-Oct-17,55.29
10-Oct-17,56.62
11-Oct-17,56.13
12-Oct-17,56.13
13-Oct-17,56.86
16-Oct-17,57.49
17-Oct-17,57.63
18-Oct-17,58.05
19-Oct-17,57.82
20-Oct-17,57.89
23-Oct-17,57.69
24-Oct-17,57.84
25-Oct-17,58.45
26-Oct-17,58.75
27-Oct-17,60.15
30-Oct-17,60.65
31-Oct-17,61.35
1-Nov-17,60.98
2-Nov-17,60.79
3-Nov-17,61.42
6-Nov-17,64.27
7-Nov-17,64.36
8-Nov-17,63.96
9-Nov-17,64.49
10-Nov-17,64.35
13-Nov-17,62.94
14-Nov-17,60.91
15-Nov-17,61.25
16-Nov-17,61.18
17-Nov-17,61.34
20-Nov-17,61.34
21-Nov-17,62.28
22-Nov-17,62.92
23-Nov-17,63.27
24-Nov-17,63.58
27-Nov-17,63.25
28-Nov-17,63.56
29-Nov-17,63.74
30-Nov-17,63.53
1-Dec-17,64.57
4-Dec-17,63.45
5-Dec-17,63.45
6-Dec-17,62.25
7-Dec-17,62.37
8-Dec-17,63.86
11-Dec-17,65.62
12-Dec-17,64.96
13-Dec-17,63.66
14-Dec-17,63.72
15-Dec-17,63.81
18-Dec-17,64.45
19-Dec-17,63.69
20-Dec-17,64.43
21-Dec-17,64.64
22-Dec-17,64.61
27-Dec-17,66.03
28-Dec-17,66.8
29-Dec-17,66.73
2-Jan-18,66.65
3-Jan-18,67.85
4-Jan-18,68.73
5-Jan-18,68.01
8-Jan-18,68.48
9-Jan-18,69.08
10-Jan-18,69.79
11-Jan-18,70.36
12-Jan-18,69.64
15-Jan-18,70.31
16-Jan-18,69.4
17-Jan-18,69.19
18-Jan-18,69.48
19-Jan-18,68.56
22-Jan-18,69.32
23-Jan-18,69.81
24-Jan-18,69.91
25-Jan-18,71.08
26-Jan-18,70.08
29-Jan-18,68.41
30-Jan-18,67.78
31-Jan-18,67.78
1-Feb-18,68.6
2-Feb-18,67.45
5-Feb-18,67.69
6-Feb-18,66.75
7-Feb-18,65.74
8-Feb-18,64.26
9-Feb-18,63.04
12-Feb-18,62.2
13-Feb-18,61.94
14-Feb-18,62.29
15-Feb-18,62.86
16-Feb-18,64.3
19-Feb-18,64.95
20-Feb-18,64.68
21-Feb-18,64.81
22-Feb-18,66.12
23-Feb-18,67.04
26-Feb-18,67.96
27-Feb-18,67.59
28-Feb-18,66.08
1-Mar-18,64.23
2-Mar-18,64.26
5-Mar-18,65.78
6-Mar-18,65.67
7-Mar-18,65.09
8-Mar-18,63.87
9-Mar-18,65.19
12-Mar-18,64.53
13-Mar-18,64.2
14-Mar-18,63.61
15-Mar-18,63.67
16-Mar-18,64.68
19-Mar-18,64.82
20-Mar-18,66
21-Mar-18,68.15
22-Mar-18,68.98
23-Mar-18,69.03
26-Mar-18,68.81
27-Mar-18,68.63
28-Mar-18,68.13
29-Mar-18,69.02
3-Apr-18,69.02
4-Apr-18,66.04
5-Apr-18,66.54
6-Apr-18,66.51
9-Apr-18,68.19
10-Apr-18,70.67
11-Apr-18,72.74
12-Apr-18,71.44
13-Apr-18,73.18
16-Apr-18,72.05
17-Apr-18,71.71
18-Apr-18,73.73
19-Apr-18,74.85
20-Apr-18,74.62
23-Apr-18,74.54
24-Apr-18,75.86
25-Apr-18,73.79
26-Apr-18,75.39
27-Apr-18,75.33
30-Apr-18,75.92
1-May-18,74.85
2-May-18,73.14
3-May-18,73.45
4-May-18,74.75
8-May-18,74.16
9-May-18,77.6
10-May-18,77.59
11-May-18,77.37
14-May-18,78.17
15-May-18,78.94
16-May-18,78.19
17-May-18,80.09
18-May-18,78.38
21-May-18,78.34
22-May-18,80.42
23-May-18,78.69
24-May-18,78.9
25-May-18,76.6
29-May-18,74.51
30-May-18,75.89
31-May-18,76.45
1-Jun-18,74.54
4-Jun-18,73.41
5-Jun-18,72.91
6-Jun-18,73.23
7-Jun-18,75.23
8-Jun-18,75.11
11-Jun-18,74.58
12-Jun-18,74.86
13-Jun-18,75.07
14-Jun-18,74.77
15-Jun-18,72.02
18-Jun-18,74.87
19-Jun-18,74.92
20-Jun-18,74.25
21-Jun-18,72.87
22-Jun-18,73.67
25-Jun-18,72.82
26-Jun-18,73.58
27-Jun-18,76.09
28-Jun-18,76.26
29-Jun-18,77.44
2-Jul-18,76.71
3-Jul-18,75.87
4-Jul-18,76.99
5-Jul-18,77.09
6-Jul-18,74.98
9-Jul-18,77.08
10-Jul-18,77.8
11-Jul-18,75.35
12-Jul-18,72.11
13-Jul-18,74.11
16-Jul-18,71.03
17-Jul-18,70.87
18-Jul-18,70.52
19-Jul-18,71.94
20-Jul-18,71.99
23-Jul-18,73.45
24-Jul-18,73.53
25-Jul-18,73.67
26-Jul-18,74.51
27-Jul-18,74.84
30-Jul-18,74.99
31-Jul-18,74.16
1-Aug-18,72.28
2-Aug-18,72.95
3-Aug-18,72.48
6-Aug-18,72.51
7-Aug-18,72.31
8-Aug-18,70.71
9-Aug-18,70.55
10-Aug-18,71
13-Aug-18,70.62
14-Aug-18,70.77
15-Aug-18,68.38
16-Aug-18,69.21
17-Aug-18,70.14
20-Aug-18,71.11
21-Aug-18,71.65
22-Aug-18,72.96
23-Aug-18,73.73
24-Aug-18,74.41
27-Aug-18,74.41
28-Aug-18,75.91
29-Aug-18,76.07
30-Aug-18,77.05
31-Aug-18,76.94
3-Sep-18,77.81
4-Sep-18,77.51
5-Sep-18,76.68
6-Sep-18,75.67
7-Sep-18,75.55
10-Sep-18,76.77
11-Sep-18,78.22
12-Sep-18,80.02
13-Sep-18,77.66
14-Sep-18,77.87
17-Sep-18,78.22
18-Sep-18,79.25
19-Sep-18,79.43
20-Sep-18,79.03
21-Sep-18,78.9
24-Sep-18,80.89
25-Sep-18,82.21
26-Sep-18,81.87
27-Sep-18,81.54
28-Sep-18,82.72
1-Oct-18,84.94
2-Oct-18,85.63
3-Oct-18,85.45
4-Oct-18,86.07
5-Oct-18,85.12
8-Oct-18,84.22
9-Oct-18,85.16
10-Oct-18,83.82
11-Oct-18,81.35
12-Oct-18,80.71
15-Oct-18,80.91
16-Oct-18,80.53
17-Oct-18,79.91
18-Oct-18,80.3
19-Oct-18,80.38
22-Oct-18,80.45
23-Oct-18,78.67
24-Oct-18,77.34
25-Oct-18,77.3
26-Oct-18,77.4
29-Oct-18,77.56
30-Oct-18,75.68
31-Oct-18,74.84
1-Nov-18,71.25
2-Nov-18,71.11
5-Nov-18,72.68
6-Nov-18,70.64
7-Nov-18,70.1
8-Nov-18,69.29
9-Nov-18,69.01
12-Nov-18,69.81
13-Nov-18,65.45
14-Nov-18,64.88
15-Nov-18,65.61
16-Nov-18,65.29
19-Nov-18,64.14
20-Nov-18,61.5
21-Nov-18,61.65
22-Nov-18,61.11
23-Nov-18,57.69
26-Nov-18,59.7
27-Nov-18,59.58
28-Nov-18,57.97
29-Nov-18,58.29
30-Nov-18,57.71
3-Dec-18,60.17
4-Dec-18,61.22
5-Dec-18,61.4
6-Dec-18,57.83
7-Dec-18,61.71
10-Dec-18,60.29
11-Dec-18,59.73
12-Dec-18,59.94
13-Dec-18,59.03
14-Dec-18,58.56
17-Dec-18,57.59
18-Dec-18,55.26
19-Dec-18,55.6
20-Dec-18,52.84
21-Dec-18,51.93
27-Dec-18,51.49
28-Dec-18,50.57
2-Jan-19,54.06
3-Jan-19,53.23
4-Jan-19,55.64
7-Jan-19,57.1
8-Jan-19,56.91
9-Jan-19,59.46
10-Jan-19,60.47
11-Jan-19,59.24
14-Jan-19,58.8
15-Jan-19,58.65
16-Jan-19,59.81
17-Jan-19,59.85
18-Jan-19,62.04
21-Jan-19,62.18
22-Jan-19,60.9
23-Jan-19,61.05
24-Jan-19,61.09
25-Jan-19,61.49
28-Jan-19,59.71
29-Jan-19,60.98
30-Jan-19,61.89
31-Jan-19,62.46
1-Feb-19,61.86
4-Feb-19,62.26
5-Feb-19,61.67
6-Feb-19,62.22
7-Feb-19,61.01
8-Feb-19,61.37
11-Feb-19,61.3
12-Feb-19,62.58
13-Feb-19,63.27
14-Feb-19,64
15-Feb-19,65.65
18-Feb-19,66.41
19-Feb-19,65.86
20-Feb-19,66.82
21-Feb-19,66.91
22-Feb-19,66.91
25-Feb-19,64.02
26-Feb-19,64.51
27-Feb-19,65.55
28-Feb-19,65.03
1-Mar-19,63.71
4-Mar-19,64.44
5-Mar-19,64.24
6-Mar-19,64.51
7-Mar-19,64.82
8-Mar-19,65.66
11-Mar-19,65.06
12-Mar-19,65.33
13-Mar-19,65.89
14-Mar-19,66.18
15-Mar-19,66.11
18-Mar-19,66.65
19-Mar-19,67.13
20-Mar-19,68.35
21-Mar-19,68.3
22-Mar-19,66.29
25-Mar-19,67.37
26-Mar-19,67.51
27-Mar-19,67.35
28-Mar-19,66.08
29-Mar-19,67.93
1-Apr-19,69.08
2-Apr-19,69.68
3-Apr-19,69.21
4-Apr-19,69.8
5-Apr-19,69.93
8-Apr-19,71.12
9-Apr-19,71.02
10-Apr-19,71.63
11-Apr-19,71.3
12-Apr-19,71.57
15-Apr-19,70.9
16-Apr-19,70.74
17-Apr-19,71.14
18-Apr-19,70.71
22-Apr-19,70.71
23-Apr-19,74.39
24-Apr-19,73.59
25-Apr-19,74.94
26-Apr-19,71.03
29-Apr-19,71.22
30-Apr-19,72.19
1-May-19,72.01
2-May-19,70.56
3-May-19,71.95
6-May-19,71.95
7-May-19,70.98
8-May-19,71.09
9-May-19,70.61
10-May-19,71.63
13-May-19,72.35
14-May-19,72.53
15-May-19,73.09
16-May-19,74.7
17-May-19,73.94
20-May-19,73.21
21-May-19,72.94
22-May-19,71.94
23-May-19,68.37
24-May-19,67.98
28-May-19,70.19
29-May-19,70.64
30-May-19,69.55
31-May-19,66.78
3-Jun-19,63.16
4-Jun-19,63.56
5-Jun-19,62.14
6-Jun-19,62.77
7-Jun-19,64.1
10-Jun-19,64.31
11-Jun-19,63.56
12-Jun-19,61.66
13-Jun-19,63.28
14-Jun-19,63.13
17-Jun-19,62.56
18-Jun-19,63.35
19-Jun-19,62.85
20-Jun-19,65.44
21-Jun-19,65.99
24-Jun-19,65.16
25-Jun-19,66.24
26-Jun-19,66.85
27-Jun-19,66.78
28-Jun-19,67.52
1-Jul-19,65.1
2-Jul-19,62.72
3-Jul-19,63.53
4-Jul-19,63.62
5-Jul-19,64.23
8-Jul-19,64.89
9-Jul-19,64.3
10-Jul-19,66.41
11-Jul-19,67.64
12-Jul-19,66.65
15-Jul-19,66.86
16-Jul-19,65.87
17-Jul-19,63.67
18-Jul-19,60.7
19-Jul-19,61.04
22-Jul-19,61.96
23-Jul-19,62.28
24-Jul-19,63.83
25-Jul-19,63.47
26-Jul-19,62.46
29-Jul-19,62.29
30-Jul-19,62.55
31-Jul-19,64.07
1-Aug-19,62.9
2-Aug-19,61.12
5-Aug-19,59.32
6-Aug-19,58.63
7-Aug-19,55.03
8-Aug-19,56.29
9-Aug-19,57.37
12-Aug-19,57.13
13-Aug-19,59.9
14-Aug-19,57.86
15-Aug-19,57.37
16-Aug-19,59
19-Aug-19,59.79
20-Aug-19,59.03
21-Aug-19,60.6
22-Aug-19,59.81
23-Aug-19,58.64
26-Aug-19,58.64
27-Aug-19,58.44
28-Aug-19,60.42
29-Aug-19,60.59
30-Aug-19,61.04
2-Sep-19,58.55
3-Sep-19,57.93
4-Sep-19,60.68
5-Sep-19,62.7
6-Sep-19,61.28
9-Sep-19,63.99
10-Sep-19,64.67
11-Sep-19,63.02
12-Sep-19,60.76
13-Sep-19,61.25
16-Sep-19,68.42
17-Sep-19,65.59
18-Sep-19,64.29
19-Sep-19,64.25
20-Sep-19,65.23
23-Sep-19,64.66
24-Sep-19,64.13
25-Sep-19,62.41
26-Sep-19,62.08
27-Sep-19,62.48
30-Sep-19,60.99
1-Oct-19,60.06
2-Oct-19,57.92
3-Oct-19,58.01
4-Oct-19,59.13
7-Oct-19,59.46
8-Oct-19,58.14
9-Oct-19,59.7
10-Oct-19,59.08
11-Oct-19,60.59
14-Oct-19,58.81
15-Oct-19,59.19
16-Oct-19,59.3
17-Oct-19,59.35
18-Oct-19,59.96
21-Oct-19,58.95
22-Oct-19,60.5
23-Oct-19,60.52
24-Oct-19,61.71
25-Oct-19,62.06
28-Oct-19,60.39
29-Oct-19,61.05
30-Oct-19,60.22
31-Oct-19,59.3
1-Nov-19,60.17
4-Nov-19,62.52
5-Nov-19,62.72
6-Nov-19,62.11
7-Nov-19,62.6
8-Nov-19,62
11-Nov-19,62.58
12-Nov-19,62.19
13-Nov-19,62.27
14-Nov-19,62.46
15-Nov-19,63.32
18-Nov-19,62.82
19-Nov-19,62.37
20-Nov-19,63.8
21-Nov-19,64.99
22-Nov-19,64.83
25-Nov-19,64.67
26-Nov-19,64.82
27-Nov-19,65.03
28-Nov-19,64.68
29-Nov-19,64.5
2-Dec-19,63.2
3-Dec-19,62.95
4-Dec-19,65.25
5-Dec-19,65.67
6-Dec-19,66.5
9-Dec-19,66.44
10-Dec-19,66.57
11-Dec-19,65.37
12-Dec-19,66.67
13-Dec-19,67.44
16-Dec-19,68.04
17-Dec-19,68.99
18-Dec-19,69.12
19-Dec-19,69.7
20-Dec-19,68.66
23-Dec-19,67.49
24-Dec-19,69.26
26-Dec-19,69.26
27-Dec-19,68.91
30-Dec-19,68.3
31-Dec-19,67.77
2-Jan-20,67.05
3-Jan-20,69.08
6-Jan-20,70.25
7-Jan-20,68.74
8-Jan-20,67.31
9-Jan-20,66.58
10-Jan-20,66.77
13-Jan-20,64.14
14-Jan-20,64.45
15-Jan-20,63.29
16-Jan-20,64.63
17-Jan-20,64.05
20-Jan-20,64.63
21-Jan-20,63.66
22-Jan-20,62.11
23-Jan-20,61.26
24-Jan-20,59.34
27-Jan-20,58.54
28-Jan-20,59.37
29-Jan-20,59.46
30-Jan-20,57.72
31-Jan-20,57.77
3-Feb-20,54
4-Feb-20,53.9
5-Feb-20,55.36
6-Feb-20,55.18
7-Feb-20,54.53
10-Feb-20,53.39
11-Feb-20,54
12-Feb-20,55.54
13-Feb-20,56.34
14-Feb-20,57.37
17-Feb-20,57.83
18-Feb-20,57.35
19-Feb-20,59.72
20-Feb-20,59.57
21-Feb-20,58.6
24-Feb-20,56.71
25-Feb-20,55.29
26-Feb-20,54.96
27-Feb-20,52.19
28-Feb-20,51.31
2-Mar-20,52.52
3-Mar-20,52.24
4-Mar-20,51.86
5-Mar-20,51.29
6-Mar-20,45.6
9-Mar-20,35.33
10-Mar-20,35.57
11-Mar-20,34.45
12-Mar-20,31.02
13-Mar-20,32.25
16-Mar-20,27.98
17-Mar-20,27.97
18-Mar-20,22.79
19-Mar-20,23.98
20-Mar-20,25.55
23-Mar-20,23.75
24-Mar-20,24.5
25-Mar-20,25.62
26-Mar-20,23.55
27-Mar-20,22.39
30-Mar-20,19.19
31-Mar-20,14.85
1-Apr-20,14.97
2-Apr-20,20.24
3-Apr-20,24.33
6-Apr-20,22.58
7-Apr-20,22.1
8-Apr-20,25.22
9-Apr-20,20.23
14-Apr-20,21.74
15-Apr-20,19.8
16-Apr-20,18.69
17-Apr-20,19.75
20-Apr-20,17.36
21-Apr-20,9.12
22-Apr-20,13.77
23-Apr-20,15.06
24-Apr-20,15.87
27-Apr-20,15.17
28-Apr-20,15.6
29-Apr-20,17.86
30-Apr-20,18.11
1-May-20,18.49
4-May-20,20.4
5-May-20,25.46
6-May-20,24.2
7-May-20,24.23
11-May-20,25.53
12-May-20,26.67
13-May-20,27.89
14-May-20,29.87
15-May-20,30.95
18-May-20,33.3
19-May-20,33.06
20-May-20,34.76
21-May-20,34.78
22-May-20,33.8
26-May-20,33.95
27-May-20,32.73
28-May-20,33.98
29-May-20,34.15
1-Jun-20,36.74
2-Jun-20,37.72
3-Jun-20,37.98
4-Jun-20,38.41
5-Jun-20,41
8-Jun-20,39.66
9-Jun-20,40.45
10-Jun-20,41.18
11-Jun-20,37.76
12-Jun-20,38.54
15-Jun-20,39.44
16-Jun-20,40.75
17-Jun-20,40.47
18-Jun-20,41.75
19-Jun-20,42.33
22-Jun-20,43.2
23-Jun-20,42.72
24-Jun-20,40.4
25-Jun-20,41.18
26-Jun-20,40.97
29-Jun-20,41.58
30-Jun-20,41.64
1-Jul-20,42.18
2-Jul-20,43.19
3-Jul-20,42.92
6-Jul-20,42.73
7-Jul-20,43.28
8-Jul-20,43.67
9-Jul-20,42.35
10-Jul-20,43.27
13-Jul-20,42.85
14-Jul-20,42.97
15-Jul-20,43.96
16-Jul-20,43.71
17-Jul-20,43.53
20-Jul-20,43.3
21-Jul-20,44.31
22-Jul-20,43.98
23-Jul-20,42.96
24-Jul-20,43.29
27-Jul-20,43.39
28-Jul-20,43.11
29-Jul-20,43.51
30-Jul-20,42.98
31-Jul-20,43.13
3-Aug-20,43.76
4-Aug-20,43.99
5-Aug-20,44.92
6-Aug-20,45.04
7-Aug-20,44.07
10-Aug-20,44.19
11-Aug-20,43.68
12-Aug-20,45.09
13-Aug-20,44.87
14-Aug-20,44.86
17-Aug-20,44.91
18-Aug-20,45.34
19-Aug-20,45.21
20-Aug-20,44.56
21-Aug-20,43.94
24-Aug-20,44.43
25-Aug-20,46.01
26-Aug-20,45.79
27-Aug-20,44.84
28-Aug-20,45.22
1-Sep-20,45.72
2-Sep-20,42.7
3-Sep-20,42.72
4-Sep-20,41.1
7-Sep-20,40.67
8-Sep-20,38.53
9-Sep-20,39.98
10-Sep-20,39.27
11-Sep-20,38.8
14-Sep-20,38.57
15-Sep-20,39.54
16-Sep-20,41.23
17-Sep-20,42.35
18-Sep-20,42.16
21-Sep-20,40.37
22-Sep-20,40.84
23-Sep-20,41.09
24-Sep-20,41.24
25-Sep-20,40.91
28-Sep-20,41.59
29-Sep-20,40.33
30-Sep-20,40.3
1-Oct-20,39.75
2-Oct-20,38
5-Oct-20,39.78
6-Oct-20,41.27
7-Oct-20,40.62
8-Oct-20,42
9-Oct-20,41.63
12-Oct-20,40.5
13-Oct-20,41.34
14-Oct-20,41.81
15-Oct-20,41.61
16-Oct-20,41.34
19-Oct-20,41.29
20-Oct-20,41.62
21-Oct-20,40.09
22-Oct-20,41.28
23-Oct-20,40.71
26-Oct-20,39.06
27-Oct-20,39.72
28-Oct-20,37.86
29-Oct-20,36.56
30-Oct-20,36.33
2-Nov-20,37.78
3-Nov-20,38.17
4-Nov-20,39.68
5-Nov-20,39.47
6-Nov-20,38.08
9-Nov-20,40.93
10-Nov-20,42.25
11-Nov-20,42.5
12-Nov-20,42.16
13-Nov-20,41.51
16-Nov-20,42.71
17-Nov-20,42.54
18-Nov-20,42.91
19-Nov-20,43.09
20-Nov-20,43.79
23-Nov-20,45
24-Nov-20,46.63
25-Nov-20,47.3
26-Nov-20,46.32
27-Nov-20,46.88
30-Nov-20,46.84
1-Dec-20,47.03
2-Dec-20,47.8
3-Dec-20,48.37
4-Dec-20,49.1
7-Dec-20,48.63
8-Dec-20,48.84
9-Dec-20,48.81
10-Dec-20,50.33
11-Dec-20,50.01
14-Dec-20,50.27
15-Dec-20,50.77
16-Dec-20,50.83
17-Dec-20,51.2
18-Dec-20,52.17
21-Dec-20,50.61
22-Dec-20,49.88
23-Dec-20,51.05
24-Dec-20,50.88
28-Dec-20,50.88
29-Dec-20,50.44
30-Dec-20,50.74
31-Dec-20,51.22
4-Jan-21,50.37
5-Jan-21,53.16
6-Jan-21,53.8
7-Jan-21,53.7
8-Jan-21,55.51
11-Jan-21,54.84
12-Jan-21,55.98
13-Jan-21,55.52
14-Jan-21,55.76
15-Jan-21,54.8
18-Jan-21,54.21
19-Jan-21,55.38
20-Jan-21,55.66
21-Jan-21,55.68
22-Jan-21,55.22
25-Jan-21,55.44
26-Jan-21,55.26
27-Jan-21,55.07
28-Jan-21,54.87
29-Jan-21,55.25
1-Feb-21,56.42
2-Feb-21,57.62
3-Feb-21,58.61
4-Feb-21,58.98
5-Feb-21,59.48
8-Feb-21,60.17
9-Feb-21,60.74
10-Feb-21,61.17
11-Feb-21,61.09
12-Feb-21,62.47
15-Feb-21,63.58
16-Feb-21,63.96
17-Feb-21,65.02
18-Feb-21,64.09
19-Feb-21,62.84
22-Feb-21,64.73
23-Feb-21,65.16
24-Feb-21,66.85
25-Feb-21,66.69
26-Feb-21,65.86
1-Mar-21,64.56
2-Mar-21,63.17
3-Mar-21,64.7
4-Mar-21,67.32
5-Mar-21,69.95
8-Mar-21,68
9-Mar-21,67.03
10-Mar-21,67.53
11-Mar-21,69.34
12-Mar-21,68.87
15-Mar-21,68.78
16-Mar-21,67.95
17-Mar-21,67.73
18-Mar-21,62.11
19-Mar-21,64
22-Mar-21,63.89
23-Mar-21,59.96
24-Mar-21,63.7
25-Mar-21,61.21
26-Mar-21,63.77
29-Mar-21,64.06
30-Mar-21,63.28
31-Mar-21,63.52
1-Apr-21,63.85
6-Apr-21,61.47
7-Apr-21,61.86
8-Apr-21,62.09
9-Apr-21,61.89
12-Apr-21,62.38
13-Apr-21,62.83
14-Apr-21,66.11
15-Apr-21,66.13
16-Apr-21,65.98
19-Apr-21,66.54
20-Apr-21,65.34
21-Apr-21,64.02
22-Apr-21,65.07
23-Apr-21,65.75
26-Apr-21,65.5
27-Apr-21,66.25
28-Apr-21,67.08
29-Apr-21,68.26
30-Apr-21,67.73
4-May-21,68.91
5-May-21,69.71
6-May-21,68.62
7-May-21,68.73
10-May-21,68.61
11-May-21,68.83
12-May-21,69.62
13-May-21,67.36
14-May-21,69.24
17-May-21,69.62
18-May-21,69.01
19-May-21,66.88
20-May-21,65.18
21-May-21,66.72
24-May-21,68.59
25-May-21,68.8
26-May-21,68.93
27-May-21,69.43
28-May-21,69.36
1-Jun-21,70.03
2-Jun-21,70.6
3-Jun-21,70.71
4-Jun-21,71.3
7-Jun-21,70.89
8-Jun-21,71.39
9-Jun-21,71.31
10-Jun-21,71.65
11-Jun-21,72.05
14-Jun-21,72.27
15-Jun-21,73.38
16-Jun-21,73.88
17-Jun-21,72.92
18-Jun-21,73.1
21-Jun-21,74.49
22-Jun-21,74.92
23-Jun-21,75.22
24-Jun-21,75.95
25-Jun-21,76.45
28-Jun-21,74.78
29-Jun-21,75.38
30-Jun-21,76.94
1-Jul-21,76.69
2-Jul-21,77.51
5-Jul-21,78.34
6-Jul-21,75.81
7-Jul-21,74.31
8-Jul-21,75.07
9-Jul-21,77.14
12-Jul-21,76.77
13-Jul-21,77.5
14-Jul-21,75.74
15-Jul-21,74.53
16-Jul-21,74.46
19-Jul-21,69.33
20-Jul-21,70.03
21-Jul-21,72.54
22-Jul-21,74.25
23-Jul-21,74.86
26-Jul-21,74.79
27-Jul-21,74.87
28-Jul-21,75.09
29-Jul-21,76.3
30-Jul-21,77.72
2-Aug-21,73.91
3-Aug-21,73.24
4-Aug-21,70.99
5-Aug-21,72.14
6-Aug-21,71.02
9-Aug-21,69.65
10-Aug-21,71.14
11-Aug-21,71.99
12-Aug-21,71.79
13-Aug-21,70.9
16-Aug-21,70.07
17-Aug-21,69.4
18-Aug-21,68.61
19-Aug-21,66.8
20-Aug-21,65.51
23-Aug-21,69.07
24-Aug-21,71.21
25-Aug-21,72.12
26-Aug-21,70.42
27-Aug-21,72.26
31-Aug-21,73.45
1-Sep-21,71.99
2-Sep-21,73.56
3-Sep-21,73.07
6-Sep-21,72.43
7-Sep-21,71.52
8-Sep-21,72.36
9-Sep-21,71.32
10-Sep-21,72.44
13-Sep-21,72.97
14-Sep-21,73.05
15-Sep-21,74.84
16-Sep-21,75.14
17-Sep-21,74.64
20-Sep-21,73.59
21-Sep-21,73.65
22-Sep-21,75.5
23-Sep-21,76.44
24-Sep-21,77.42
27-Sep-21,78.85
28-Sep-21,78.3
29-Sep-21,77.86
30-Sep-21,77.81
1-Oct-21,79.4
4-Oct-21,81.44
5-Oct-21,82.72
6-Oct-21,81.39
7-Oct-21,82.34
8-Oct-21,82.17
11-Oct-21,83.75
12-Oct-21,83.53
13-Oct-21,83.53
14-Oct-21,83.86
15-Oct-21,84.67
18-Oct-21,84.13
19-Oct-21,85.02
20-Oct-21,85.76
21-Oct-21,84.58
22-Oct-21,85.43
25-Oct-21,84.85
26-Oct-21,85.11
27-Oct-21,84.12
28-Oct-21,83.4
29-Oct-21,83.1
1-Nov-21,84.51
2-Nov-21,84.42
3-Nov-21,81.1
4-Nov-21,80.15
5-Nov-21,82.43
8-Nov-21,83.22
9-Nov-21,84.52
10-Nov-21,82.91
11-Nov-21,83.4
12-Nov-21,82.9
15-Nov-21,81.94
16-Nov-21,82.85
17-Nov-21,80.67
18-Nov-21,82.45
19-Nov-21,80.24
22-Nov-21,80.97
23-Nov-21,83.43
24-Nov-21,82.37
25-Nov-21,82.05
26-Nov-21,72.37
29-Nov-21,73.34
30-Nov-21,70.86
1-Dec-21,69.53
2-Dec-21,70.56
3-Dec-21,70.71
6-Dec-21,73.38
7-Dec-21,75.54
8-Dec-21,75.94
9-Dec-21,74.1
10-Dec-21,74.98
13-Dec-21,74.12
14-Dec-21,73.37
15-Dec-21,73.71
16-Dec-21,74.64
17-Dec-21,72.97
20-Dec-21,70.51
21-Dec-21,72.85
22-Dec-21,74.69
23-Dec-21,76.26
24-Dec-21,75.24
29-Dec-21,78.63
30-Dec-21,78.61
31-Dec-21,77.24
3-Jan-22,78.25
4-Jan-22,79.39
5-Jan-22,80.6
6-Jan-22,81.99
7-Jan-22,82.28
10-Jan-22,81.56
11-Jan-22,84.98
12-Jan-22,85.83
13-Jan-22,85.8
14-Jan-22,87.17
17-Jan-22,87.82
18-Jan-22,88.83
19-Jan-22,89.64
20-Jan-22,89.75
21-Jan-22,89.75
24-Jan-22,87.74
25-Jan-22,89.49
26-Jan-22,91.22
27-Jan-22,90.7
28-Jan-22,91.47
31-Jan-22,92.35
1-Feb-22,90.24
2-Feb-22,91.43
3-Feb-22,92.99
4-Feb-22,96.86
7-Feb-22,97.28
8-Feb-22,96.07
9-Feb-22,94.95
10-Feb-22,96.37
11-Feb-22,97.5
14-Feb-22,101.66
15-Feb-22,98.43
16-Feb-22,97.44
17-Feb-22,95.28
18-Feb-22,96.18
21-Feb-22,98.95
22-Feb-22,98.73
23-Feb-22,99.29
24-Feb-22,101.29
25-Feb-22,98.56
28-Feb-22,103.08
1-Mar-22,110.93
2-Mar-22,118.94
3-Mar-22,115.36
4-Mar-22,123.86
7-Mar-22,129.02
8-Mar-22,133.18
9-Mar-22,116.58
10-Mar-22,114.54
11-Mar-22,118.11
14-Mar-22,110.39
15-Mar-22,105.14
16-Mar-22,104.61
17-Mar-22,113.5
18-Mar-22,114.32
21-Mar-22,122.29
22-Mar-22,121.53
23-Mar-22,127.52
24-Mar-22,123.98
25-Mar-22,122.67
28-Mar-22,114.5
29-Mar-22,112.79
30-Mar-22,115.59
31-Mar-22,107.29
1-Apr-22,106.13
4-Apr-22,108.15
5-Apr-22,106.6
6-Apr-22,100.81
7-Apr-22,99.83
8-Apr-22,101.26
11-Apr-22,97.92
12-Apr-22,104.42
13-Apr-22,108.49
14-Apr-22,110.83
19-Apr-22,105.49
20-Apr-22,105.05
21-Apr-22,107.2
22-Apr-22,105.15
25-Apr-22,99.27
26-Apr-22,102.89
27-Apr-22,103.3
28-Apr-22,105.78
29-Apr-22,108.36
3-May-22,104.94
4-May-22,110.53
5-May-22,112.11
6-May-22,113.86
9-May-22,106.67
10-May-22,102.61
11-May-22,107.7
12-May-22,108.06
13-May-22,112.12
16-May-22,114.86
17-May-22,112.89
18-May-22,110.04
19-May-22,113.22
20-May-22,113.63
23-May-22,115.13
24-May-22,115.77
25-May-22,116.41
26-May-22,119.81
27-May-22,121.19
30-May-22,123.01
31-May-22,125.53
1-Jun-22,122.2
3-Jun-22,125.68
6-Jun-22,124.99
7-Jun-22,126.89
8-Jun-22,129.2
9-Jun-22,128.47
10-Jun-22,127.44
13-Jun-22,128.44
14-Jun-22,127.02
15-Jun-22,124.96
16-Jun-22,125.78
17-Jun-22,119.22
20-Jun-22,118.25
21-Jun-22,118.51
22-Jun-22,115.54
23-Jun-22,114.5
24-Jun-22,117.36
27-Jun-22,119.69
28-Jun-22,122.21
29-Jun-22,120.8
30-Jun-22,119.78
1-Jul-22,119.21
4-Jul-22,121.8
5-Jul-22,110.49
6-Jul-22,108.54
7-Jul-22,113.4
8-Jul-22,113.95
11-Jul-22,114.85
12-Jul-22,106.98
13-Jul-22,107.17
14-Jul-22,107.74
15-Jul-22,112.26
18-Jul-22,117.27
19-Jul-22,114.96
20-Jul-22,115.86
21-Jul-22,112.81
22-Jul-22,106.77
25-Jul-22,108.23
26-Jul-22,107.32
27-Jul-22,109.64
28-Jul-22,109.68
29-Jul-22,111.51
1-Aug-22,106.09
2-Aug-22,106.51
3-Aug-22,101.82
4-Aug-22,97.99
5-Aug-22,100.31
8-Aug-22,103.46
9-Aug-22,103.81
10-Aug-22,105.06
11-Aug-22,107.19
12-Aug-22,103.7
15-Aug-22,98.25
16-Aug-22,95.36
17-Aug-22,97.22
18-Aug-22,96.35
19-Aug-22,96.45
22-Aug-22,95.06
23-Aug-22,99.49
24-Aug-22,99.87
25-Aug-22,98.81
26-Aug-22,101.13
30-Aug-22,99.34
31-Aug-22,96.55
1-Sep-22,92.24
2-Sep-22,93.09
5-Sep-22,94.22
6-Sep-22,91.43
7-Sep-22,86.83
8-Sep-22,87.99
9-Sep-22,91.68
12-Sep-22,93.45
13-Sep-22,92.04
14-Sep-22,92.83
15-Sep-22,89.28
16-Sep-22,89.43
20-Sep-22,89.62
21-Sep-22,89.86
22-Sep-22,90.4
23-Sep-22,84.29
26-Sep-22,82.55
27-Sep-22,85.97
28-Sep-22,89.55
29-Sep-22,89.41
30-Sep-22,88.9
3-Oct-22,90.68
4-Oct-22,93.74
5-Oct-22,94.35
6-Oct-22,95.65
7-Oct-22,98.88
10-Oct-22,97.13
11-Oct-22,95.17
12-Oct-22,93.44
13-Oct-22,95.16
14-Oct-22,92.22
17-Oct-22,91.04
18-Oct-22,89.46
19-Oct-22,91.34
20-Oct-22,91.52
21-Oct-22,91.82
24-Oct-22,91.57
25-Oct-22,91.76
26-Oct-22,92.93
27-Oct-22,94.17
28-Oct-22,94.64
31-Oct-22,93.3
1-Nov-22,95.12
2-Nov-22,96.07
3-Nov-22,95.29
4-Nov-22,99.53
7-Nov-22,99.87
8-Nov-22,96.85
9-Nov-22,93.05
10-Nov-22,94.25
11-Nov-22,96.37
14-Nov-22,93.59
15-Nov-22,94.3
16-Nov-22,92.61
17-Nov-22,91
18-Nov-22,88.93
21-Nov-22,88.44
22-Nov-22,88.65
23-Nov-22,85.9
24-Nov-22,85.59
25-Nov-22,83.4
28-Nov-22,83.5
29-Nov-22,83.22
30-Nov-22,85.61
1-Dec-22,86.28
2-Dec-22,86.54
5-Dec-22,83.36
6-Dec-22,79.92
7-Dec-22,77.11
8-Dec-22,76.02
9-Dec-22,76.37
12-Dec-22,78
13-Dec-22,80.14
14-Dec-22,83.33
15-Dec-22,82.34
16-Dec-22,80.2
19-Dec-22,81.66
20-Dec-22,79.45
21-Dec-22,80.25
22-Dec-22,79.58
23-Dec-22,82.45
28-Dec-22,81.7
29-Dec-22,80.96
30-Dec-22,82.82
3-Jan-23,80.36
4-Jan-23,75.31
5-Jan-23,76.73
6-Jan-23,76.41
9-Jan-23,77.5
10-Jan-23,78.4
11-Jan-23,81.11
12-Jan-23,82.59
13-Jan-23,83.43
16-Jan-23,82.65
17-Jan-23,84.38
18-Jan-23,83.78
19-Jan-23,85.08
20-Jan-23,86.96
23-Jan-23,87.54
24-Jan-23,85.25
25-Jan-23,85.08
26-Jan-23,86.29
27-Jan-23,85.36
30-Jan-23,84.9
31-Jan-23,83.42
1-Feb-23,81.61
2-Feb-23,80.57
3-Feb-23,78.85
6-Feb-23,80.48
7-Feb-23,82.92
8-Feb-23,84.17
9-Feb-23,83.46
10-Feb-23,85.46
13-Feb-23,85.98
14-Feb-23,84.96
15-Feb-23,84.11
16-Feb-23,83.84
17-Feb-23,81.97
20-Feb-23,82.79
21-Feb-23,82.14
22-Feb-23,79.55
23-Feb-23,82.08
24-Feb-23,82.31
27-Feb-23,81.24
28-Feb-23,83.21
1-Mar-23,83.68
2-Mar-23,84.15
3-Mar-23,85.74
6-Mar-23,85.86
7-Mar-23,83.03
8-Mar-23,82.1
9-Mar-23,81
10-Mar-23,82.3
13-Mar-23,79.67
14-Mar-23,76.77
15-Mar-23,74.3
16-Mar-23,73.12
17-Mar-23,71.03
20-Mar-23,72.42
21-Mar-23,74.78
22-Mar-23,76.08
23-Mar-23,74.31
24-Mar-23,73.63
27-Mar-23,76.8
28-Mar-23,78.07
29-Mar-23,77.51
30-Mar-23,78.45
31-Mar-23,79.19
3-Apr-23,85.81
4-Apr-23,85.7
5-Apr-23,85.89
6-Apr-23,86.56
11-Apr-23,87.32
12-Apr-23,88.31
13-Apr-23,86.51
14-Apr-23,87.31
17-Apr-23,85.63
18-Apr-23,85.48
19-Apr-23,85.34
20-Apr-23,83.29
21-Apr-23,83.36
24-Apr-23,84.23
25-Apr-23,82.13
26-Apr-23,79.19
27-Apr-23,80.11
28-Apr-23,81.32
2-May-23,76.71
3-May-23,72.91
4-May-23,73
5-May-23,75.85
9-May-23,77.76
10-May-23,76.7
11-May-23,75.32
12-May-23,74.54
15-May-23,75.46
16-May-23,75.15
17-May-23,76.98
18-May-23,75.75
19-May-23,75.42
22-May-23,75.77
23-May-23,76.66
24-May-23,77.99
25-May-23,75.66
26-May-23,76.33
30-May-23,73.38
31-May-23,71.98
1-Jun-23,74.18
2-Jun-23,76
5-Jun-23,76.61
6-Jun-23,76.22
7-Jun-23,76.85
8-Jun-23,75.88
9-Jun-23,74.74
12-Jun-23,71.8
13-Jun-23,74.24
14-Jun-23,73.39
15-Jun-23,75.75
16-Jun-23,76.76
19-Jun-23,76.09
20-Jun-23,75.79
21-Jun-23,76.92
22-Jun-23,73.93
23-Jun-23,73.56
26-Jun-23,73.86
27-Jun-23,71.88
28-Jun-23,73.64
29-Jun-23,73.86
30-Jun-23,74.51
3-Jul-23,74.52
4-Jul-23,76.23
5-Jul-23,76.74
6-Jul-23,76.72
7-Jul-23,78.77
10-Jul-23,77.83
11-Jul-23,79.54
12-Jul-23,80.35
13-Jul-23,81.31
14-Jul-23,79.9
17-Jul-23,77.8
18-Jul-23,79.54
19-Jul-23,79.38
20-Jul-23,79.62
21-Jul-23,81.06
24-Jul-23,82.53
25-Jul-23,83.46
26-Jul-23,82.98
27-Jul-23,84.28
28-Jul-23,84.49
31-Jul-23,85.22
1-Aug-23,85.34
2-Aug-23,84.01
3-Aug-23,86.19
4-Aug-23,87.38
7-Aug-23,86.47
8-Aug-23,88
9-Aug-23,89.31
10-Aug-23,87.44
11-Aug-23,87.93
14-Aug-23,87.4
15-Aug-23,86.28
16-Aug-23,84.49
17-Aug-23,85.24
18-Aug-23,85.92
21-Aug-23,85.44
22-Aug-23,84.7
23-Aug-23,83.94
24-Aug-23,84.07
25-Aug-23,85.42
29-Aug-23,86.37
30-Aug-23,86.62
31-Aug-23,87.29
1-Sep-23,89.98
4-Sep-23,90.42
5-Sep-23,91.25
6-Sep-23,91.79
7-Sep-23,91.16
8-Sep-23,91.85
11-Sep-23,91.97
12-Sep-23,93.58
13-Sep-23,93.04
14-Sep-23,95.2
15-Sep-23,95.55
18-Sep-23,95.95
19-Sep-23,96.11
20-Sep-23,94.56
21-Sep-23,93.7
22-Sep-23,93.99
25-Sep-23,94.01
26-Sep-23,94.46
27-Sep-23,97.1
28-Sep-23,96.64
29-Sep-23,95.86
2-Oct-23,91.21
3-Oct-23,94.46
4-Oct-23,89.83
5-Oct-23,88.28
6-Oct-23,87.86
9-Oct-23,91.37
10-Oct-23,90.7
11-Oct-23,87.58
12-Oct-23,88.4
13-Oct-23,94.33
16-Oct-23,90.99
17-Oct-23,92.52
18-Oct-23,91.99
19-Oct-23,93.12
20-Oct-23,93.72
23-Oct-23,91.88
24-Oct-23,88
25-Oct-23,90.14
26-Oct-23,88.45
27-Oct-23,90.73
30-Oct-23,90.73
31-Oct-23,86.82
1-Nov-23,86.92
2-Nov-23,89.02
3-Nov-23,87.55
6-Nov-23,87.31
7-Nov-23,83.43
8-Nov-23,81.46
9-Nov-23,81.74
10-Nov-23,83.66
13-Nov-23,84.09
14-Nov-23,84.2
15-Nov-23,82.4
16-Nov-23,77.73
17-Nov-23,81.22
20-Nov-23,83.25
21-Nov-23,82.42
22-Nov-23,81.76
23-Nov-23,80.85
24-Nov-23,79.82
27-Nov-23,79.49
28-Nov-23,81.66
29-Nov-23,82.98
30-Nov-23,81.72
1-Dec-23,78.72
4-Dec-23,78.16
5-Dec-23,77.27
6-Dec-23,74.33
7-Dec-23,74.21
8-Dec-23,75.94
11-Dec-23,75.75
12-Dec-23,74.11
13-Dec-23,74.14
14-Dec-23,77.05
15-Dec-23,76.84
18-Dec-23,78.89
19-Dec-23,79.82
20-Dec-23,81.1
21-Dec-23,80.73
22-Dec-23,80.23
27-Dec-23,80.97
28-Dec-23,79.04
29-Dec-23,77.69
2-Jan-24,76.24
3-Jan-24,77.18
4-Jan-24,75.79
5-Jan-24,78.31
8-Jan-24,75.47
9-Jan-24,77.97
10-Jan-24,78.46
11-Jan-24,80.21
12-Jan-24,79.89
15-Jan-24,79.76
16-Jan-24,80.15
17-Jan-24,78.88
18-Jan-24,81.04
19-Jan-24,80.71
22-Jan-24,81.7
23-Jan-24,82.04
24-Jan-24,82.15
25-Jan-24,82.33
26-Jan-24,83.34
29-Jan-24,83.99
30-Jan-24,84.14
31-Jan-24,82.98
1-Feb-24,82.2
2-Feb-24,79.54
5-Feb-24,79.3
6-Feb-24,80.46
7-Feb-24,81.18
8-Feb-24,83.01
9-Feb-24,83.58
12-Feb-24,83.88
13-Feb-24,84.72
14-Feb-24,84.41
15-Feb-24,84.33
16-Feb-24,84.88
19-Feb-24,85.52
20-Feb-24,84.78
21-Feb-24,84.77
22-Feb-24,85.84
23-Feb-24,84.18
26-Feb-24,84.01
27-Feb-24,83.8
28-Feb-24,84.08
29-Feb-24,84.57
1-Mar-24,84.82
4-Mar-24,86.58
5-Mar-24,85.82
6-Mar-24,86.59
7-Mar-24,84.88
8-Mar-24,84.29
11-Mar-24,83.44
12-Mar-24,83.66
13-Mar-24,83.95
14-Mar-24,86.16
15-Mar-24,85.39
18-Mar-24,86.47
19-Mar-24,87.36
20-Mar-24,85.77
21-Mar-24,84.92
22-Mar-24,84.87
25-Mar-24,86.18
26-Mar-24,85.91
27-Mar-24,84.94
28-Mar-24,86.17
2-Apr-24,87.63
3-Apr-24,90.6
4-Apr-24,90.32
5-Apr-24,92.81
8-Apr-24,91.73
9-Apr-24,92.13
10-Apr-24,91.57
11-Apr-24,91.49
12-Apr-24,93.12
15-Apr-24,90.84
16-Apr-24,91.29
17-Apr-24,89.54
18-Apr-24,88.34
19-Apr-24,87.96
22-Apr-24,87.3
23-Apr-24,88.29
24-Apr-24,89.02
25-Apr-24,88.1
26-Apr-24,89.95
29-Apr-24,88.44
30-Apr-24,88.23
1-May-24,83.55
2-May-24,84.81
3-May-24,83.6
7-May-24,82.69
8-May-24,82.44
9-May-24,83.27
10-May-24,83.39
13-May-24,83.18
14-May-24,81
15-May-24,79.98
16-May-24,81.65
17-May-24,82.24
20-May-24,81.91
21-May-24,81.22
22-May-24,79.9
23-May-24,79.25
24-May-24,78.92
28-May-24,81.34
29-May-24,81.5
30-May-24,81.42
31-May-24,79.41
3-Jun-24,76.45
4-Jun-24,75.33
5-Jun-24,75.41
6-Jun-24,77.62
7-Jun-24,78.12
10-Jun-24,79.59
11-Jun-24,80.15
12-Jun-24,80.52
13-Jun-24,81.44
14-Jun-24,81.49
17-Jun-24,82.45
18-Jun-24,84.79
19-Jun-24,85.64
20-Jun-24,85.92
21-Jun-24,86.42
24-Jun-24,86.75
25-Jun-24,86.81
26-Jun-24,85.76
27-Jun-24,87
28-Jun-24,87.26
1-Jul-24,86.57
2-Jul-24,88.28
3-Jul-24,88.25
4-Jul-24,88.34
5-Jul-24,88.66
8-Jul-24,87.15
9-Jul-24,86.48
10-Jul-24,86.55
11-Jul-24,86.49
12-Jul-24,87.35
15-Jul-24,86.42
16-Jul-24,86.6
17-Jul-24,85.76
18-Jul-24,86.26
19-Jul-24,85.19
22-Jul-24,83.44
23-Jul-24,82.2
24-Jul-24,83.01
25-Jul-24,82.58
26-Jul-24,81.35
29-Jul-24,80.94
30-Jul-24,79.26
31-Jul-24,81.39
1-Aug-24,81.37
2-Aug-24,78.35
5-Aug-24,77.51
6-Aug-24,76.62
7-Aug-24,78.26
8-Aug-24,80.76
9-Aug-24,81.07
12-Aug-24,83.06
13-Aug-24,82.51
14-Aug-24,82.15
15-Aug-24,83.09
16-Aug-24,81.56
19-Aug-24,81.09
20-Aug-24,78.85
21-Aug-24,78.77
22-Aug-24,78.8
23-Aug-24,80.34
27-Aug-24,81.51
28-Aug-24,80.04
29-Aug-24,81.55
30-Aug-24,80.2
2-Sep-24,77.82
3-Sep-24,76.46
4-Sep-24,74.67
5-Sep-24,74.47
6-Sep-24,72.82
9-Sep-24,72.37
10-Sep-24,70.34
11-Sep-24,70.31
12-Sep-24,73.81
13-Sep-24,73.68
16-Sep-24,73.96
17-Sep-24,74.55
18-Sep-24,74.52
19-Sep-24,75.93
20-Sep-24,75.96
23-Sep-24,74.95
24-Sep-24,75.29
25-Sep-24,75.4
26-Sep-24,73.06
27-Sep-24,71.63
30-Sep-24,72.35
1-Oct-24,75.3
2-Oct-24,74.86
3-Oct-24,77.57
4-Oct-24,79.32
7-Oct-24,81.74
8-Oct-24,78.19
9-Oct-24,77.06
10-Oct-24,79.45
11-Oct-24,80.27
14-Oct-24,78.47
15-Oct-24,73.68
16-Oct-24,73.65
17-Oct-24,74.37
18-Oct-24,72.75
21-Oct-24,73.29
22-Oct-24,75.59
23-Oct-24,74.68
24-Oct-24,74.27
25-Oct-24,75.62
28-Oct-24,71.87
29-Oct-24,71.09
30-Oct-24,73.21
31-Oct-24,73.25
1-Nov-24,73.63
4-Nov-24,74.89
5-Nov-24,76.98
6-Nov-24,76.52
7-Nov-24,75.73
8-Nov-24,74.04
11-Nov-24,72.19
12-Nov-24,72.56
13-Nov-24,72.86
14-Nov-24,73.39
15-Nov-24,73.45
18-Nov-24,74.35
19-Nov-24,74.32
20-Nov-24,74.33
21-Nov-24,75.09
22-Nov-24,76.1
25-Nov-24,74.27
26-Nov-24,74.56
27-Nov-24,73.91
28-Nov-24,73.92
29-Nov-24,74.16
2-Dec-24,72.81
3-Dec-24,74.8
4-Dec-24,74.68
5-Dec-24,73.78
6-Dec-24,73.78
9-Dec-24,73.73
10-Dec-24,73.64
11-Dec-24,74.38
12-Dec-24,73.52
13-Dec-24,74.89
16-Dec-24,74.3
17-Dec-24,73.16
18-Dec-24,74.57
19-Dec-24,73.75
20-Dec-24,73.19
23-Dec-24,72.12
24-Dec-24,73.5
27-Dec-24,73.77
30-Dec-24,74.24
31-Dec-24,74.58
2-Jan-25,76.14
3-Jan-25,76.72
6-Jan-25,77.27
7-Jan-25,77.84
8-Jan-25,77.37
9-Jan-25,78.44
10-Jan-25,79.76
13-Jan-25,82.69
14-Jan-25,82.39
15-Jan-25,83.48
16-Jan-25,82.39
17-Jan-25,83.02
20-Jan-25,81.68
21-Jan-25,80.57
22-Jan-25,80
23-Jan-25,78.62
24-Jan-25,78.71
27-Jan-25,77.3
28-Jan-25,78.01
29-Jan-25,77.02
30-Jan-25,77.42
31-Jan-25,77.11
3-Feb-25,76.49
4-Feb-25,76.58
5-Feb-25,74.71
6-Feb-25,74.54
7-Feb-25,74.68
10-Feb-25,76.23
11-Feb-25,77.65
12-Feb-25,75.38
13-Feb-25,75.61
14-Feb-25,75.19
17-Feb-25,75.81
18-Feb-25,76.46
19-Feb-25,76.34
20-Feb-25,76.95
21-Feb-25,74.88
24-Feb-25,74.89
25-Feb-25,73.11
26-Feb-25,73.49
27-Feb-25,75.01
28-Feb-25,74.76
3-Mar-25,72.85
4-Mar-25,72.31
5-Mar-25,70.92
6-Mar-25,71.08
7-Mar-25,72.49
10-Mar-25,71.08
11-Mar-25,71.51
12-Mar-25,72.36
13-Mar-25,70.82
14-Mar-25,71.94
17-Mar-25,71.93
18-Mar-25,71.93
19-Mar-25,71.94
20-Mar-25,72.61
21-Mar-25,72.64
24-Mar-25,73.96
25-Mar-25,73.78
26-Mar-25,74.6
27-Mar-25,74.72
28-Mar-25,74.69
31-Mar-25,77.23
1-Apr-25,77.78
2-Apr-25,77.27
3-Apr-25,72.54
4-Apr-25,68.36
7-Apr-25,66.13
8-Apr-25,64.86
9-Apr-25,67.3
10-Apr-25,65.37
11-Apr-25,66.83
14-Apr-25,67.18
